-- MySQL dump 10.14  Distrib 5.5.60-MariaDB, for Linux (x86_64)
--
-- Host: localhost    Database: radius
-- ------------------------------------------------------
-- Server version	5.5.60-MariaDB

/*!40101 SET @OLD_CHARACTER_SET_CLIENT=@@CHARACTER_SET_CLIENT */;
/*!40101 SET @OLD_CHARACTER_SET_RESULTS=@@CHARACTER_SET_RESULTS */;
/*!40101 SET @OLD_COLLATION_CONNECTION=@@COLLATION_CONNECTION */;
/*!40101 SET NAMES utf8 */;
/*!40103 SET @OLD_TIME_ZONE=@@TIME_ZONE */;
/*!40103 SET TIME_ZONE='+00:00' */;
/*!40014 SET @OLD_UNIQUE_CHECKS=@@UNIQUE_CHECKS, UNIQUE_CHECKS=0 */;
/*!40014 SET @OLD_FOREIGN_KEY_CHECKS=@@FOREIGN_KEY_CHECKS, FOREIGN_KEY_CHECKS=0 */;
/*!40101 SET @OLD_SQL_MODE=@@SQL_MODE, SQL_MODE='NO_AUTO_VALUE_ON_ZERO' */;
/*!40111 SET @OLD_SQL_NOTES=@@SQL_NOTES, SQL_NOTES=0 */;

--
-- Table structure for table `community`
--

DROP TABLE IF EXISTS `community`;
/*!40101 SET @saved_cs_client     = @@character_set_client */;
/*!40101 SET character_set_client = utf8 */;
CREATE TABLE `community` (
  `id` int(10) NOT NULL,
  `name` varchar(45) NOT NULL,
  PRIMARY KEY (`id`)
) ENGINE=InnoDB DEFAULT CHARSET=latin1;
/*!40101 SET character_set_client = @saved_cs_client */;

--
-- Dumping data for table `community`
--

LOCK TABLES `community` WRITE;
/*!40000 ALTER TABLE `community` DISABLE KEYS */;
INSERT INTO `community` VALUES (10,'Administradores'),(20,'Estudiantes'),(30,'Profesores'),(40,'Investigadores'),(50,'Rectorado'),(60,'Invitados');
/*!40000 ALTER TABLE `community` ENABLE KEYS */;
UNLOCK TABLES;

--
-- Table structure for table `device`
--

DROP TABLE IF EXISTS `device`;
/*!40101 SET @saved_cs_client     = @@character_set_client */;
/*!40101 SET character_set_client = utf8 */;
CREATE TABLE `device` (
  `mac` varchar(45) NOT NULL,
  `name` varchar(45) NOT NULL,
  PRIMARY KEY (`mac`)
) ENGINE=InnoDB DEFAULT CHARSET=latin1;
/*!40101 SET character_set_client = @saved_cs_client */;

--
-- Dumping data for table `device`
--

LOCK TABLES `device` WRITE;
/*!40000 ALTER TABLE `device` DISABLE KEYS */;
INSERT INTO `device` VALUES ('mac1','workstation1'),('mac2','workstation2');
/*!40000 ALTER TABLE `device` ENABLE KEYS */;
UNLOCK TABLES;

--
-- Table structure for table `mapping`
--

DROP TABLE IF EXISTS `mapping`;
/*!40101 SET @saved_cs_client     = @@character_set_client */;
/*!40101 SET character_set_client = utf8 */;
CREATE TABLE `mapping` (
  `mappingid` int(10) NOT NULL AUTO_INCREMENT,
  `user_identity` varchar(64) NOT NULL,
  `community_id` int(10) NOT NULL,
  `device_mac` varchar(45) NOT NULL,
  PRIMARY KEY (`mappingid`),
  KEY `user_identity_idx` (`user_identity`),
  KEY `community_id_idx` (`community_id`),
  KEY `device_mac_idx` (`device_mac`),
  CONSTRAINT `user_identity` FOREIGN KEY (`user_identity`) REFERENCES `user` (`identity`) ON DELETE NO ACTION ON UPDATE NO ACTION,
  CONSTRAINT `community_id` FOREIGN KEY (`community_id`) REFERENCES `community` (`id`) ON DELETE NO ACTION ON UPDATE NO ACTION,
  CONSTRAINT `device_mac` FOREIGN KEY (`device_mac`) REFERENCES `device` (`mac`) ON DELETE NO ACTION ON UPDATE NO ACTION
) ENGINE=InnoDB AUTO_INCREMENT=8 DEFAULT CHARSET=latin1;
/*!40101 SET character_set_client = @saved_cs_client */;

--
-- Dumping data for table `mapping`
--

LOCK TABLES `mapping` WRITE;
/*!40000 ALTER TABLE `mapping` DISABLE KEYS */;
INSERT INTO `mapping` VALUES (1,'gespinoza',10,'mac1'),(2,'gespinoza',30,'mac1'),(3,'gespinoza',40,'mac1'),(4,'morna',20,'mac1'),(5,'stuesta',60,'mac2'),(6,'stuesta',40,'mac2'),(7,'respinoza',30,'mac1');
/*!40000 ALTER TABLE `mapping` ENABLE KEYS */;
UNLOCK TABLES;

--
-- Table structure for table `nas`
--

DROP TABLE IF EXISTS `nas`;
/*!40101 SET @saved_cs_client     = @@character_set_client */;
/*!40101 SET character_set_client = utf8 */;
CREATE TABLE `nas` (
  `id` int(10) NOT NULL AUTO_INCREMENT,
  `nasname` varchar(128) NOT NULL,
  `shortname` varchar(32) DEFAULT NULL,
  `type` varchar(30) DEFAULT 'other',
  `ports` int(5) DEFAULT NULL,
  `secret` varchar(60) NOT NULL DEFAULT 'secret',
  `community` varchar(50) DEFAULT NULL,
  `description` varchar(200) DEFAULT 'RADIUS Client',
  PRIMARY KEY (`id`),
  KEY `nasname` (`nasname`)
) ENGINE=InnoDB DEFAULT CHARSET=latin1;
/*!40101 SET character_set_client = @saved_cs_client */;

--
-- Dumping data for table `nas`
--

LOCK TABLES `nas` WRITE;
/*!40000 ALTER TABLE `nas` DISABLE KEYS */;
/*!40000 ALTER TABLE `nas` ENABLE KEYS */;
UNLOCK TABLES;

--
-- Table structure for table `radacct`
--

DROP TABLE IF EXISTS `radacct`;
/*!40101 SET @saved_cs_client     = @@character_set_client */;
/*!40101 SET character_set_client = utf8 */;
CREATE TABLE `radacct` (
  `RadAcctId` bigint(21) NOT NULL AUTO_INCREMENT,
  `AcctSessionId` varchar(32) NOT NULL DEFAULT '',
  `AcctUniqueId` varchar(32) NOT NULL DEFAULT '',
  `UserName` varchar(64) NOT NULL DEFAULT '',
  `Realm` varchar(64) DEFAULT '',
  `NASIPAddress` varchar(15) NOT NULL DEFAULT '',
  `NASPortId` varchar(15) DEFAULT NULL,
  `NASPortType` varchar(32) DEFAULT NULL,
  `AcctStartTime` datetime NOT NULL,
  `AcctStopTime` datetime NOT NULL,
  `AcctSessionTime` int(12) DEFAULT NULL,
  `AcctAuthentic` varchar(32) DEFAULT NULL,
  `ConnectInfo_start` varchar(50) DEFAULT NULL,
  `ConnectInfo_stop` varchar(50) DEFAULT NULL,
  `AcctInputOctets` bigint(12) DEFAULT NULL,
  `AcctOutputOctets` bigint(12) DEFAULT NULL,
  `CalledStationId` varchar(50) NOT NULL DEFAULT '',
  `CallingStationId` varchar(50) NOT NULL DEFAULT '',
  `AcctTerminateCause` varchar(32) NOT NULL DEFAULT '',
  `ServiceType` varchar(32) DEFAULT NULL,
  `FramedProtocol` varchar(32) DEFAULT NULL,
  `FramedIPAddress` varchar(15) NOT NULL DEFAULT '',
  `AcctStartDelay` int(12) DEFAULT NULL,
  `AcctStopDelay` int(12) DEFAULT NULL,
  PRIMARY KEY (`RadAcctId`),
  KEY `UserName` (`UserName`),
  KEY `FramedIPAddress` (`FramedIPAddress`),
  KEY `AcctSessionId` (`AcctSessionId`),
  KEY `AcctUniqueId` (`AcctUniqueId`),
  KEY `AcctStartTime` (`AcctStartTime`),
  KEY `AcctStopTime` (`AcctStopTime`),
  KEY `NASIPAddress` (`NASIPAddress`)
) ENGINE=InnoDB DEFAULT CHARSET=latin1;
/*!40101 SET character_set_client = @saved_cs_client */;

--
-- Dumping data for table `radacct`
--

LOCK TABLES `radacct` WRITE;
/*!40000 ALTER TABLE `radacct` DISABLE KEYS */;
/*!40000 ALTER TABLE `radacct` ENABLE KEYS */;
UNLOCK TABLES;

--
-- Table structure for table `radcheck`
--

DROP TABLE IF EXISTS `radcheck`;
/*!40101 SET @saved_cs_client     = @@character_set_client */;
/*!40101 SET character_set_client = utf8 */;
CREATE TABLE `radcheck` (
  `id` int(11) unsigned NOT NULL AUTO_INCREMENT,
  `UserName` varchar(64) NOT NULL DEFAULT '',
  `Attribute` varchar(32) NOT NULL DEFAULT '',
  `op` char(2) NOT NULL DEFAULT '==',
  `Value` varchar(253) NOT NULL DEFAULT '',
  PRIMARY KEY (`id`),
  KEY `UserName` (`UserName`(32))
) ENGINE=InnoDB DEFAULT CHARSET=latin1;
/*!40101 SET character_set_client = @saved_cs_client */;

--
-- Dumping data for table `radcheck`
--

LOCK TABLES `radcheck` WRITE;
/*!40000 ALTER TABLE `radcheck` DISABLE KEYS */;
/*!40000 ALTER TABLE `radcheck` ENABLE KEYS */;
UNLOCK TABLES;

--
-- Table structure for table `radgroupcheck`
--

DROP TABLE IF EXISTS `radgroupcheck`;
/*!40101 SET @saved_cs_client     = @@character_set_client */;
/*!40101 SET character_set_client = utf8 */;
CREATE TABLE `radgroupcheck` (
  `id` int(11) unsigned NOT NULL AUTO_INCREMENT,
  `GroupName` varchar(64) NOT NULL DEFAULT '',
  `Attribute` varchar(32) NOT NULL DEFAULT '',
  `op` char(2) NOT NULL DEFAULT '==',
  `Value` varchar(253) NOT NULL DEFAULT '',
  PRIMARY KEY (`id`),
  KEY `GroupName` (`GroupName`(32))
) ENGINE=InnoDB DEFAULT CHARSET=latin1;
/*!40101 SET character_set_client = @saved_cs_client */;

--
-- Dumping data for table `radgroupcheck`
--

LOCK TABLES `radgroupcheck` WRITE;
/*!40000 ALTER TABLE `radgroupcheck` DISABLE KEYS */;
/*!40000 ALTER TABLE `radgroupcheck` ENABLE KEYS */;
UNLOCK TABLES;

--
-- Table structure for table `radgroupreply`
--

DROP TABLE IF EXISTS `radgroupreply`;
/*!40101 SET @saved_cs_client     = @@character_set_client */;
/*!40101 SET character_set_client = utf8 */;
CREATE TABLE `radgroupreply` (
  `id` int(11) unsigned NOT NULL AUTO_INCREMENT,
  `GroupName` varchar(64) NOT NULL DEFAULT '',
  `Attribute` varchar(32) NOT NULL DEFAULT '',
  `op` char(2) NOT NULL DEFAULT '=',
  `Value` varchar(253) NOT NULL DEFAULT '',
  PRIMARY KEY (`id`),
  KEY `GroupName` (`GroupName`(32))
) ENGINE=InnoDB DEFAULT CHARSET=latin1;
/*!40101 SET character_set_client = @saved_cs_client */;

--
-- Dumping data for table `radgroupreply`
--

LOCK TABLES `radgroupreply` WRITE;
/*!40000 ALTER TABLE `radgroupreply` DISABLE KEYS */;
/*!40000 ALTER TABLE `radgroupreply` ENABLE KEYS */;
UNLOCK TABLES;

--
-- Table structure for table `radpostauth`
--

DROP TABLE IF EXISTS `radpostauth`;
/*!40101 SET @saved_cs_client     = @@character_set_client */;
/*!40101 SET character_set_client = utf8 */;
CREATE TABLE `radpostauth` (
  `id` int(11) NOT NULL AUTO_INCREMENT,
  `user` varchar(64) NOT NULL DEFAULT '',
  `pass` varchar(64) NOT NULL DEFAULT '',
  `reply` varchar(32) NOT NULL DEFAULT '',
  `date` timestamp NOT NULL DEFAULT CURRENT_TIMESTAMP ON UPDATE CURRENT_TIMESTAMP,
  PRIMARY KEY (`id`)
) ENGINE=InnoDB DEFAULT CHARSET=latin1;
/*!40101 SET character_set_client = @saved_cs_client */;

--
-- Dumping data for table `radpostauth`
--

LOCK TABLES `radpostauth` WRITE;
/*!40000 ALTER TABLE `radpostauth` DISABLE KEYS */;
/*!40000 ALTER TABLE `radpostauth` ENABLE KEYS */;
UNLOCK TABLES;

--
-- Table structure for table `radreply`
--

DROP TABLE IF EXISTS `radreply`;
/*!40101 SET @saved_cs_client     = @@character_set_client */;
/*!40101 SET character_set_client = utf8 */;
CREATE TABLE `radreply` (
  `id` int(11) unsigned NOT NULL AUTO_INCREMENT,
  `UserName` varchar(64) NOT NULL DEFAULT '',
  `Attribute` varchar(32) NOT NULL DEFAULT '',
  `op` char(2) NOT NULL DEFAULT '=',
  `Value` varchar(253) NOT NULL DEFAULT '',
  PRIMARY KEY (`id`),
  KEY `UserName` (`UserName`(32))
) ENGINE=InnoDB DEFAULT CHARSET=latin1;
/*!40101 SET character_set_client = @saved_cs_client */;

--
-- Dumping data for table `radreply`
--

LOCK TABLES `radreply` WRITE;
/*!40000 ALTER TABLE `radreply` DISABLE KEYS */;
/*!40000 ALTER TABLE `radreply` ENABLE KEYS */;
UNLOCK TABLES;

--
-- Table structure for table `radusergroup`
--

DROP TABLE IF EXISTS `radusergroup`;
/*!40101 SET @saved_cs_client     = @@character_set_client */;
/*!40101 SET character_set_client = utf8 */;
CREATE TABLE `radusergroup` (
  `UserName` varchar(64) NOT NULL DEFAULT '',
  `GroupName` varchar(64) NOT NULL DEFAULT '',
  `priority` int(11) NOT NULL DEFAULT '1',
  KEY `UserName` (`UserName`(32))
) ENGINE=InnoDB DEFAULT CHARSET=latin1;
/*!40101 SET character_set_client = @saved_cs_client */;

--
-- Dumping data for table `radusergroup`
--

LOCK TABLES `radusergroup` WRITE;
/*!40000 ALTER TABLE `radusergroup` DISABLE KEYS */;
/*!40000 ALTER TABLE `radusergroup` ENABLE KEYS */;
UNLOCK TABLES;

--
-- Table structure for table `user`
--

DROP TABLE IF EXISTS `user`;
/*!40101 SET @saved_cs_client     = @@character_set_client */;
/*!40101 SET character_set_client = utf8 */;
CREATE TABLE `user` (
  `identity` varchar(64) NOT NULL,
  `mac` varchar(45) DEFAULT NULL,
  PRIMARY KEY (`identity`)
) ENGINE=InnoDB DEFAULT CHARSET=latin1;
/*!40101 SET character_set_client = @saved_cs_client */;

--
-- Dumping data for table `user`
--

LOCK TABLES `user` WRITE;
/*!40000 ALTER TABLE `user` DISABLE KEYS */;
INSERT INTO `user` VALUES ('gespinoza','mac1'),('morna','mac1'),('respinoza','mac2'),('stuesta','mac2');
/*!40000 ALTER TABLE `user` ENABLE KEYS */;
UNLOCK TABLES;

--
-- Dumping routines for database 'radius'
--
/*!40103 SET TIME_ZONE=@OLD_TIME_ZONE */;

/*!40101 SET SQL_MODE=@OLD_SQL_MODE */;
/*!40014 SET FOREIGN_KEY_CHECKS=@OLD_FOREIGN_KEY_CHECKS */;
/*!40014 SET UNIQUE_CHECKS=@OLD_UNIQUE_CHECKS */;
/*!40101 SET CHARACTER_SET_CLIENT=@OLD_CHARACTER_SET_CLIENT */;
/*!40101 SET CHARACTER_SET_RESULTS=@OLD_CHARACTER_SET_RESULTS */;
/*!40101 SET COLLATION_CONNECTION=@OLD_COLLATION_CONNECTION */;
/*!40111 SET SQL_NOTES=@OLD_SQL_NOTES */;

-- Dump completed on 2019-03-10 15:57:41
